Index,Original Comment,True Label,Predicted Label
2,democratic congressman protests trump is environmental policies by bringing endangered red wolf to state of the union as guest,1,0
7,my worst audition ever or the danger of playing paddle ball chewing gum and singing we built this city simultaneously,0,1
10,air india now offers business caste seating,1,0
15,peak inequality investigating the lack of diversity among tv directors,0,1
17,sun thinking of just collapsing now and getting this all over with,1,0
29,list of politically achievable reforms down to just three minor changes to traffic code,1,0
30,supreme court upholds bill of rights in decision,1,0
51,first place cops looked was inside at at,1,0
52,young afghans returning from europe face isolation and fear back home,0,1
55,powerful his and hers towel lobby stalls gay marriage legislation,1,0
58,when hiring what problems should i avoid,0,1
64,draftkings and fanduel skip out on congressional hearing into daily fantasy sports,0,1
68,script could use another pass mom says,1,0
70,china is aircraft carrier enters south china sea amid renewed tensions,0,1
80,facebook reportedly beta testing wouldownvote button,0,1
94,controversial christian faction believes jesus was nailed to two parallel pieces of wood,1,0
114,stress can cancel out the benefits of healthy fat,0,1
116,biker injuries and deaths soar after michigan repeals helmet law,0,1
118,new preventative drug would kill people before they get alzheimer is,1,0
119,woman in coffee shop judges a record people,1,0
121,death results in great deal of paperwork,1,0
134,remainder of ross ice shelf now in smithsonian freezer,1,0
135,brazil is senate votes to remove president dilma rousseff from office,0,1
141,maxim skimmed,1,0
150,fda to screen all donated blood for the zika virus,0,1
169,dolphins chatter more when solving tricky tasks,0,1
174,hands off mom lets kids create own psychological issues,1,0
178,boston globe offers ispotlight fellowship to fund investigations,0,1
185,nation is gay straw men march on washington for right to marry animals,1,0
186,ambitious test on tap for real life flying saucer,0,1
188,lawyers identify dozens more bill cosby victims while interviewing potential jurors,1,0
189,alton sterling protesters remind you what america keeps forgetting,0,1
197,amotorcycle bomb explodes near police station in istanbul,0,1
203,amazon pulls racist islavery gets s t done products from website,0,1
208,netanyahu provides stunning new evidence that iranians planned sacking of babylon in b c,1,0
211,rhea maceris gps guide on feeling empowered,0,1
217,disgruntled bolton shoots un delegates self,1,0
221,netanyahu announces day of mourning for fence damaged in yesterday is conflict,1,0
223,restaurant fires pizza delivery dog,1,0
224,mystery toilet flusher turns out to be something pretty scary,0,1
226,running back is buttocks undulate hypnotically in sexuality challenging slow motion replay,1,0
228,biden hands out loose gt cola can to unexpected trick or treater,1,0
232,tollbooth attendant wishes just one high speed chase would crash through entry bar,1,0
235,terri schiavo is corpse blown away by hurricane,1,0
247,can the american idol winner end kelly clarkson is pop chart dominance,1,0
252,u s to give limestone based economy a shot starting next week,1,0
253,freddie prinze jr fan is favorite color also green,1,0
255,physics teacher is car accident would have made perfect example for class,1,0
264,romney goes after obama with powerpoint presentation,0,1
265,heed my tragic story well friends for you could just as easily be me says chris christie in haunting rnc speech,1,0
266,american airlines us airways merge to form world is largest inconvenience,1,0
271,dare graduate celebrates first toke,1,0
282,caitlyn jenner on bathing suits wouldo not know if i am ready to expose myself,0,1
284,exclusive video sean hayes discovers family is criminal past,0,1
292,ceo would trade percent of stock options for percent more time with his kids,1,0
308,gunman kills at least two american advisers in kabul shooting,0,1
316,jcpenney abandons sale,1,0
336,global perceptions of china as a superpower,0,1
342,this disorder feels like being awake inside a corpse,0,1
344,god is gift to women returned,1,0
346,tina frost las vegas shooting victim wakes from coma,0,1
353,breaking can anyone ever truly know anything what is the truth,1,0
355,nobody touching punch at cia christmas party,1,0
362,nes still wasting life playing video games,1,0
378,stan van gundy calls himself out for his past use of term posse,0,1
380,mom uses face painting skills to turn kids into isomething magical,0,1
382,chelsea handler features brutal impression of sarah huckabee sanders on her show,0,1
389,billy ray cyrus to speak out on single payer health care issue on politically incorrect,1,0
398,after boy is killed by gator at disney his hometown unites to support family,0,1
402,concerned text from mom gleefully mocked like ramblings of village idiot,1,0
410,new york city makes overdose reversal drug available without a prescription,0,1
416,rewriting nepal is marked by sparkling english language debuts,0,1
417,damning report claims mexican federal police participated in disappearance of students,0,1
421,macy is parade float covered in tickets after parking on avenue over holiday weekend,1,0
436,second semester fling leads to first trimester abortion,1,0
447,scientists crack mystery of tiny traveling plants,0,1
453,page turners too addictive to put down,0,1
456,capsizing boat passes u s in global quality of life rankings,1,0
461,fbi chief releases composite sketch of dream house,1,0
476,wall street lobbyists and d c insiders wrong again on dol conflict of interest rule,0,1
484,from ball turret gunner to guerilla fighter,0,1
488,dana loesch rethinking loyalties after seeing how much airtime teen activists getting,1,0
505,new blog piece on woody allen to settle everything,1,0
519,tea party plans to recruit more coloreds this fall,1,0
539,internal email sinclair ceo tells employees not to let extremists bully them,0,1
546,russian interference had no impact on election reports website created minutes ago,1,0
553,calm sense of impending violence returns to middle east as ceasefire brokered,1,0
558,perfect attendance credited to abusive household,1,0
564,killed in violent kerfuffle,1,0
569,trump privately terrified his sexual assault victims will someday come forward,1,0
573,buddhist monks buy lobsters destined for the dinner table and set them free,0,1
579,illinois neglects child care payments for needy families,0,1
580,florist saves abusive relationship,1,0
581,veterans finding a new outlook outdoors,0,1
584,to the obese woman crying at the picnic table,0,1
585,michael bloomberg is ambitions may shake up the race and his media company,0,1
586,piggies written in blood on clouds only clue in shocking murder of six angels,1,0
591,all american ticket hails from alaska panama canal zone,1,0
615,bts proves k pop is power with spot on time magazine is most influential list,0,1
619,abby sunderland concocted history is most extreme plan to get out of a summer job,1,0
620,wouldraft biden effort debuts its first tv ad,0,1
624,lawyers separate mary kate ashley olsen in procedure,1,0
637,crayola ceo presents jarringly ambitious plan at annual shareholders meeting,1,0
639,bin laden conspiracy theories share one problem,0,1
644,dead from unexplained illness in liberia,0,1
645,ted cruz provides detailed response to moderator is question about why his face so fucking infuriating,1,0
657,hillary clinton campaign shuts down after blowing through billion in first month,1,0
661,reggie white to host fox is when atheletes talk,1,0
663,laffy taffy sponsors every cobblestone at memorial,1,0
682,jeb bush severing problematic connections,0,1
683,brain dead americans defend brain dead florida woman,1,0
687,in hunt for new antibiotics scientists look at bacteria in insects stomachs,0,1
692,real life nancy drew traces source of her hpv,1,0
694,assad vows swift retaliation on syrian civilians in response to u s missile strike,1,0
697,bob corker accuses wolf blitzer of having a great time pressing him about tax bill vote,0,1
701,bono outbids everyone at charity auction for bono autographed guitar,1,0
704,mrs butterworth is bottle central to terrifying lsd experience,1,0
710,fighting pests with sounds waves not pesticides,0,1
716,watch stunning holy fire ritual lights up orthodox easter,0,1
718,jared kushner mercilessly mocked over reported security clearance downgrade,0,1
720,airbnb apologizes for posting snarky ads aimed at schools libraries,0,1
721,housefly drops everything to go stand on watermelon slice,1,0
723,actor nils hognestad performs in front of a live audience on some assembly required,0,1
736,if men menstruated would periods still be taboo,0,1
739,sexual fluidity makes singer kacy hill feel like a woman,0,1
753,neighborhood has gotten a lot safer since mayor vanquished fire troll,1,0
754,delta airlines is showing carol with same sex kissing edited out,0,1
755,nobody in ukraine notices absence of government,1,0
758,genius napping inventions to get you through monday,0,1
771,minnesota braces for return of bachmann is full attention,1,0
772,india opens new mohandas k gandhi nuclear testing facility,1,0
774,guy in rome does as the tourists do,1,0
781,alex trebek raps his way through an entire jeopardy category,0,1
782,trump america has not been stronger or more united since i first opened my eyes and created the universe,1,0
788,carol blows up nothe walking dead season premiere,0,1
798,psychic helps sniff out missing pet skunk,0,1
806,another friends star to appear in another big screen bomb,1,0
809,most items at garage sale haunted,1,0
813,wall street journal ads call out the paper is bias on climate change,0,1
815,doritos good,1,0
816,world is supermodels form hall of justice to protect ordinary models,1,0
822,criminal mad that man called the cops on him,1,0
828,trump thinking of beginning rnc speech with sexist tirade he was saving for special occasion,1,0
830,civic eagle app wants to bring americans face to face in online debate,0,1
841,does strange death curse haunt cast of gone with the wind,1,0
845,putin will try the how you say fried chicken,1,0
849,hero shop saves hundreds from hunger,1,0
865,patient zero kicking back in with episode of new girl,1,0
874,new versus old electric slide confusion blamed in wedding reception pileup,1,0
892,teacher removed from classroom over white nationalist podcast says it is satire,0,1
895,family business,0,1
898,fred willard a huge hit at counseling session,1,0
899,naked women feared lost in computer crash,1,0
902,mark wahlberg missed his brother is wedding,0,1
908,mike pence has long heart to heart with staffer who came to work with coffee on breath,1,0
914,bitcoin plunge reveals possible vulnerabilities in crazy imaginary internet money,1,0
919,man shares baklava with airline passengers who profiled him,0,1
924,stone hearted ice witch forgoes exclamation point,1,0
925,microsoft unveils next best thing to teleportation,0,1
926,theresa may puts on headphones to hear english translation of trump is address,1,0
928,sound of children is laughter music to disney focus group leader is ears,1,0
931,a taste of proper fun bermuda,0,1
932,man who never missed ally mcbeal back in the day joins trump legal team,1,0
941,returning west virginia teachers unceremoniously toss hundreds of dead class pets into trash,1,0
947,bacon just one of sprint is new downloadable ring scents,1,0
950,next week is school shooting victims thank senate for failing to pass gun bill,1,0
958,granta derided by philistines,1,0
961,mccain late to debate due to greyhound delays,1,0
969,harry potter actor alfred enoch says there is no reason hermione can not be black,0,1
976,owners of google hope to parlay world is most popular website into book deal,1,0
979,neighbors come together to watch bmw owner struggle in snow,1,0
989,mitch mcconnell reminds senators that they will have to make up government shutdown days at end of year,1,0
991,supreme court justices keep citing cases roberts and alito are too young to remember,1,0
1001,your neighbors should you consider talking to them,1,0
1006,woman with furrowed brow on airplane carefully studies article about which actress wore dress better,1,0
1013,aarp calls for comfier booths at denny is,1,0
1015,michelle obama not so keen on president is new bangs,1,0
1017,saudi crown prince is unprecedented power grab could come to haunt him,0,1
1018,little boy gives himself epic pep talk before jumping into a pool,0,1
1022,ted danson totally nails tonight show interview,1,0
1027,small town sheriff has actually killed surprising amount of people,1,0
1035,slow thinking bystander weighing pros and cons of pulling man out of river,1,0
1036,a blue fuzzy fighter stole the spotlight before mayweather mcgregor fight,0,1
1046,new religious freedom bill gives small business owners right to annul any gay marriage,1,0
1047,merger of advertising giants brings together largest collection of people with no discernible skills,1,0
1050,leno to tell outrageous o j joke,1,0
1061,white house infested with bedbugs after biden brings in recliner off the curb,1,0
1066,germany disavows ties with the scorpions,1,0
1069,iraq militants strike air base seize oilfields,0,1
1077,which roadtrip movie character are you,0,1
1079,benghazi committee instructs hillary clinton to limit answers to i failed the american people,1,0
1091,ladykiller gets life sentence,1,0
1097,clinton says badtz maru may be his favorite sanrio character,1,0
1098,physically fit emotionally stable kim jong un addresses un after finally getting nuclear ambitions out of system,1,0
1103,nothe huffpost show takes on loretta lynch stalemate,0,1
1111,ferguson pool supply store overestimating how badly looters want chlorine tablets,1,0
1113,report things finally as bad as trump claims,1,0
1117,reid warren meet with progressive groups ahead of looming government shutdown,0,1
1120,woman claims to reenact michael phelps affair in going for the gold porno,0,1
1126,study proves exactly how gross bathroom hand dryers really are,0,1
1132,gmail user pities hotmail user,1,0
1139,huffpost pollster polls and charts,0,1
1143,jpmorgan chase hit with multi million dollar fine for shady investment advice,0,1
1159,isix million dollar man star martin e brooks dead at age,0,1
1161,al gore criticizes obama over arctic drilling,0,1
1181,animals wearing pajamas just because,0,1
1185,of area woman is holiday recipes involve pulverizing bag of oreos,1,0
1188,panicking mitch mcconnell shoves entire senate healthcare bill into mouth as democrat walks past,1,0
1192,driver rules out driver error in crash,1,0
1195,secrets of a professional present purchaser,0,1
1196,defense department typo results in u s attack on ira,1,0
1199,texas to execute man for murdering boy and drinking his blood,0,1
1208,proof that it pays to piss off sarah palin,0,1
1209,mom to be breaks big news to husband with airplane pilot is help,0,1
1210,suspect spills beans about planned burglary in mistaken call,0,1
1220,ryan seacrest catches up with captain phillips star maersk alabama on red carpet,1,0
1221,stacey dash still just as clueless,0,1
1228,enjoyment of steve miller band is jungle love last piece of common ground in america,1,0
1229,report you to learn names of reprehensible public officials this week,1,0
1230,trump called up for vietnam service after last of draft deferments expires,1,0
1233,crude but functional starbucks hewn from rock facing,1,0
1245,sharon stone to star in major backstage drama,1,0
1248,eggs good for you this week,1,0
1249,man robbed own grandmother forced her to drink alcohol police,0,1
1251,metlife goodyear tragically merge,1,0
1253,judge pumps self up before verdict by listening to andrew w k,1,0
1256,semester at sea students steal anchor for dorm room,1,0
1266,jennifer lopez billboard music awards gown is super see through obvi,0,1
1272,entire nyc subway system now consists of single handcar,1,0
1275,co op casino robbed again,1,0
1287,teen breaks rules in socially accepted ways,1,0
1290,law abiding citizen keeps herself on track with weekly cheat day,1,0
1306,local man foremost expert on what the terrorists should do if they really want to hurt us,1,0
1307,ways to respond to strangers who comment on your amom bod,0,1
1324,look surfer almost runs over shark with stand up paddleboard and has no idea,0,1
1326,trump is switzerland trip cancelled as president deemed flight risk,1,0
1331,michigan state reps reportedly heard about abuser larry nassar and did nothing,0,1
1341,source of jealousy not even that successful,1,0
1342,hershey is announces it is all out of candy,1,0
1347,polio could be stopped worldwide by year is end says gates foundation,0,1
1349,amazing couple adopts siblings to keep them together,0,1
1350,buttery goodness now america is top domestic product,1,0
1373,affluenza mom tonya couch has curfew eased so she can find a job,0,1
1376,terrorism storylines being added to tv shows as quickly as they were dropped,1,0
1383,several injured by accidental gunfire at waldorf astoria wedding party,0,1
1387,subwoofer worth the horrible credit rating,1,0
1390,field trip mishap fulfills child is wish to be oscar mayer wiener,1,0
1391,weird couple has greatest sex of their lives after announcement of disney lucasfilm merger,1,0
1411,a trove of lost and found photos reveal one mystery couple is beautiful life,0,1
1414,hobby lobby to improve work performance through biblical punishments,0,1
1421,beyonce shows love for cha cha and lone star beer,0,1
1426,lucid dreaming new horizons for research,0,1
1430,museum proudly exhibits picasso shitty enough to be in kansas city,1,0
1434,wouldiversity was the real winner last night report hundreds of dumbasses whose very existence insults the name of journalism,1,0
1439,today particularly rough day for east village junkie transvestite,1,0
1440,freshman bares her soul to entire dorm floor in first week,1,0
1442,video shows e cigarette suddenly explode in new jersey woman is handbag,0,1
1447,days of online dating naughty by nature,0,1
1448,friends can not stand couple is public displays of hostility,1,0
1453,trump gives muslim on fence about radicalizing just the push he needed,1,0
1463,mozambique devises national plan to end child marriage,0,1
1466,area dad saw a great show on bigfoot last night,1,0
1469,white castle plundered by turks,1,0
1472,terrifying and magical capabilities someone has when you fall for them,0,1
1473,girl scouts rocked by cookies for cash fundraising scandal,1,0
1480,hawaii supreme court hears case against controversial telescope,0,1
1482,was awful for pretty much everything except podcasts,0,1
1483,unhrc decay needs urgent treatment,0,1
1488,you got it trademarked,1,0
1492,son attempts to cultivate parents interest in better movies,1,0
1496,sydney mclaughlin makes u s olympic team in meter hurdles,0,1
1497,older brother of omran daqneesh dies from injuries sustained in airstrike,0,1
1503,john kelly apologizes for assuming everyone would ignore abuse allegations like they do in military,1,0
1506,red cross accused of wartime non profiteering,1,0
1513,twitter creator on iran i never intended for twitter to be useful,1,0
1514,boehner hoping to remain leader of republican parties,1,0
1530,west virginia celebrates as die in non mining related accident,1,0
1534,pope francis wears miter with faceshield to comply with new vatican safety measures,1,0
1541,sxsw apologizes for asking u s olympian ibtihaj muhammad to remove hijab,0,1
1546,motorcyclist salvaged for parts,1,0
1551,celebrity collector alison sweeney,0,1
1555,hulking strongman now only voice of reason in republican party,1,0
1556,avengers sequel picks up where first film is profits left off,1,0
1565,turkish soccer body penalizes kurdish club amid mounting tensions,0,1
1567,when art becomes poison,0,1
1568,tesla announces major upgrade to original roadster,0,1
1574,small change in procedure wendy is manager is crowning achievement,1,0
1575,robert downey jr volunteers to voice mark zuckerberg is real life jarvis,0,1
1584,mom who drove kids into ocean gives birth,0,1
1587,someone spotted a new pixar easter egg from nothe good dinosaur,0,1
1594,tick happy where he is,1,0
1595,budget cuts force british government to shut down mysterious seaside village,1,0
1598,cat stevens declares jihad on james taylor,1,0
1605,fast track derails democracy,0,1
1610,jupiter is liberals worried about their ammonia footprint,1,0
1614,nra says mass shootings just the unfortunate price of protecting people is freedom to commit mass shootings,1,0
1619,atlantic city casino can regulate waitresses weight ruling says,0,1
1620,new country music video has look of rock video,1,0
1625,talk show host takes brief break from mocking jessica simpson to interview her,1,0
1627,google is homepage design stirs controversy,1,0
1630,garroting survivors call for wire ban,1,0
1632,wheel of fortune contestants hit hard as vowel prices skyrocket,1,0
1643,kate middleton feels royal baby kicking during queen is coronation anniversary,1,0
1646,teary eyed student loan officers proudly watch as asset graduates from college,1,0
1648,alec confidential inside the secretive group is annual conference,0,1
1651,factors in birthday money,1,0
1663,breaking daniel throwing his life away you should call him he dropped out of wharton wharton for god is sake,1,0
1667,rex tillerson shoots mike pompeo quick email explaining all the countries,1,0
1670,man is relationship advice same as his hunting tips,1,0
1671,buying everything hairstylist recommends would cost,1,0
1673,bo obama addresses graduates of dayton obedience school,1,0
1675,new historical evidence suggests most pilgrims sailed back home to celebrate first thanksgiving,1,0
1677,obama calls for turret mounted video cameras on all police tanks,1,0
1679,sanders ramps up spending in effort to catch up to hillary,0,1
1681,fool me once,0,1
1700,fixin is added to food pyramid,1,0
1703,babbling grinning mitch mcconnell demands emts loading him on stretcher vote yes on healthcare bill,1,0
1704,trump promises u s will continue to recognize preserve palestinians historic refugee camps,1,0
1705,parents are loving this touching letter written from a newborn is perspective,0,1
1711,women reveal the real purpose of workout clothes,0,1
1715,kim jong un is absence leaves north korean government officials no one to agree with,1,0
1724,prince is former flame sheila e mourns death of music legend nothank god love lives forever,0,1
1727,floor plan of retirement community defibrillator locations,1,0
1736,cable tv judge overruled by network tv judge,1,0
1740,out of control angel kills dozens of bystanders at vatican air show,1,0
1741,sea lion yanks man off boat in effort to snatch fish,0,1
1750,cdc attempts to put ebola outbreak in perspective by releasing list of worse ways to die,1,0
1754,butter cow sculpture wins iowa caucus,1,0
1758,lester holt fills in for brian williams during family is nightly dinner,1,0
1774,nra touts oliver north is expertise at avoiding jail time for colluding with hostile foreign powers,1,0
1776,super bowl ads are a great way to waste money,0,1
1779,rolling stones kick off ising our songs for us tour,1,0
1790,former marine sniper slapped with restraining order,1,0
1795,freakonomist keeps close eye on ge stock versus height of mexican weightlifters,1,0
1804,man builds rad all terrain wheelchair that looks like a tank for war hero dad,0,1
1810,bakery owner vows to stop making wedding cakes altogether after pro gay court ruling,0,1
1811,whale regrets eating plastic poker chips that fell off container ship,1,0
1816,american medical association changes stance on self immolation,1,0
1825,aretha franklin demands f u d g e,1,0
1831,he told his boyfriend i love you his boyfriend is response brought him to tears video,0,1
1832,nra sends complimentary bereavement gun baskets to families of shooting victims,1,0
1846,pitbull is tasteless memorial day tweet brings americans together,0,1
1860,biden searching white house one last time for missing pet snake,1,0
1869,china is sexiest panda obliterates own record in latest sex romp,0,1
1880,test driven teacher evaluations strike out,0,1
1883,trump hotels buck industry trend continue to offer guests porn,0,1
1885,trump threatens to veto spending bill over border wall funding then signs it,0,1
1889,the elderly do they suspect,1,0
1896,marco rubio avoids criticizing jeb bush after debate tussle over missed senate votes,0,1
1900,miracle cyclist crashes into high speed train and survives,0,1
1902,registered child sex offenders will soon have convictions noted on their passports,0,1
1903,climate change and children a call for action,0,1
1904,danny masterson is publicist suggested a woman can not be raped by a man she is in a relationship with,0,1
1912,mike pence vows to cut conservation funding after discovering elk do not mate for life,1,0
1917,for national coming out day lgbtq sports people who have come out in the last year,0,1
1921,from to a study in artificial maturity,0,1
1922,american people shrug line up for fingerprinting,1,0
1928,loser congressman carries around pocket sized version of constitution everywhere,1,0
1930,neons to come in three hideous new colors,1,0
1931,bassnectar debuts two new hard hitting tracks talks new album unlimited,0,1
1935,u s changes motto to america we are gonna make ya smile,1,0
1940,america is love affair with jim breuer to start any day now,1,0
1941,humanity still producing new art as though megadeth is rust in peace does not already exist,1,0
1944,ethiopia to release all political prisoners in bid to foster reconciliation,0,1
1946,justin trudeau unveils plan to meet healthcare needs of canada is aging prog rockers,1,0
1948,mom wants one of those things your sister has for christmas,1,0
1950,u s assures hong kong that their protest just one of many issues white house staying silent on,1,0
1956,clinton fumbles with submarine controls everything is in german he shouts,1,0
1969,new indie film sweeps cannes sundance,1,0
1970,busy woman keeps best dressed oscar slideshow tab open to be savored as sumptuous feast at her leisure,1,0
1971,starz outlander world premiere and tartan carpet gala,0,1
1979,call from daycare can not be good,1,0
1982,financially struggling trump campaign holds fundraising riot,1,0
1987,clinton tests positive for presidency enhancing drugs,1,0
1990,user experience hygiene or strategic differentiator,0,1
2002,idris elba does not think he or any man is right for the role of james bond,0,1
2010,rare autographed portrait of jesus purchased at estate sale,1,0
2013,handshake comes in at unusually high angle velocity,1,0
2014,amanda slavin not just a statistic,0,1
2016,aurora releases theater shooting response report,0,1
2024,dick masturbates in tickle creek cops,0,1
2032,chris murphy congress giving quiet endorsement to murders,0,1
2036,stunted still writing chuck palahniuk novels,1,0
2039,report laura is divorce threatens razor thin democratic majority in family,1,0
2041,ivana trump calls ex husband to ask him what he did to her beautiful baby boy,1,0
2042,cupcake burglar busted thanks to frosting,0,1
2044,adorable panda cub bei bei makes a very sleepy public debut,0,1
2055,starr taunts clinton with humiliating isittin in a tree song,1,0
2060,beijing air solidifies,1,0
2064,employees given list of doctors shitty enough to accept company is health insurance plan,1,0
2073,bbc reveals happy ending to planet earth ii is most heartbreaking scene,0,1
2083,investors stake out greenspan is house for signs of rate increase,1,0
2095,paul ryan is attempt at being a relatable emoji guy backfires,0,1
2098,supreme court agrees to hear new jack white album,1,0
2116,cocky attempt to operate atm in spanish backfires,1,0
2127,dina and caroline manzo get blunt about family feud,0,1
2128,brown workers put company in the black,1,0
2132,budget talks dreadlocked,1,0
2134,after seeing a fifth grader get bullied this group of boys vowed to stand up for him,0,1
2138,chris harrison says he does not have time to hate watch unreal,0,1
2142,new study reveals nothing pfizer is lawyers can not take care of,1,0
2149,florida resort allows guests to swim with miami dolphins,1,0
2158,mexico city stages james bond inspired day of the dead parade,0,1
2161,stephen colbert mocks lawmakers for talking porn instead of guns,0,1
2175,bid to save gawker com falls short,0,1
2178,black freshmen at university of pennsylvania receive racist messages depicting lynchings,0,1
2189,the single american woman,0,1
2190,puerto rico governor calls for cancellation of whitefish contract,0,1
2193,father apologizes for taking out anger on wrong son,1,0
2199,jury finds cinemark theater chain not liable in colorado movie massacre,0,1
2201,fox news guest says confederate and pride flags are nothe exact same thing,0,1
2202,overheard in minnesota dontcha know,0,1
2203,fat bottom girl,0,1
2206,ben carson wows iowa state fair attendees with massive brain,1,0
2210,panthers donate to each family of charleston shooting victims,0,1
2219,some guy who is not stephen colbert to deliver college is commencement speech,1,0
2220,trump administration announces new bill design honoring harriet tubman is owners,1,0
2227,umpqua community college was not exactly a gun free zone,0,1
2230,teen unsure how to break it to parents that the devil got her pregnant,1,0
2237,betsy devos argues issue of guns in schools should be fully left up to individual shooters,1,0
2239,genuine happiness now seen only on game shows,1,0
2242,decision to circle parking lot produces carbon emission that finally does it,1,0
2244,sex scandal sinks klemke reelection bid,1,0
2250,disturbance of arafat is grave casts horrible curse on middle east,1,0
2255,adam sanderson sees social media digital technology as the smart way to grow disney is official fan club,0,1
2258,judge dismisses domestic violence charges against ray rice now what,0,1
2262,usa today crossword puzzle grants false sense of intelligence,1,0
2267,romney delivers stern warning to china speaking directly into the camera in fluent mandarin,1,0
2284,horrified by johnson johnson is tactics a sales rep wears a wire,0,1
2304,amy god i have discovered the missing link in the russia investigation think reddit users simultaneously,1,0
2310,occasionally you realize someone you thought was a dear friend is actually a foe their true character finally revealed but how do you forgive the unforgivable here are my steps to handling betrayal with elegance and grace,0,1
2312,trump preemptively tells melania he will not give her a kidney,1,0
2313,a valentine like no other,0,1
2316,nurse jackie star haaz sleiman comes out as gay and a nototal bottom,0,1
2318,new contraception law would require teenagers to consult with different peers before selecting birth control method,1,0
2319,liquor commercial featuring dance party on pirate ship also includes important message about responsibility,1,0
2327,kim jong un reopens long closed border hotline with south korea,0,1
2328,john kerry attempts to bully codepink into silence,0,1
2333,i promise to work tirelessly to achieve my campaign is goals threatens trump in terrifying address,1,0
2334,secret service is prostitution scandal did not affect president is security white house adviser madame chartreuse says,1,0
2336,our nation is guard rails are they safe enough,1,0
2338,obama weighing his syria option,1,0
2341,stepping back into now,0,1
2350,hillary clinton sends pizza to fans camping out overnight for her book signing,0,1
2363,your backyard burgers are bursting with gross bacteria,0,1
2364,report american dream now an out of court settlement,1,0
2375,controversial photo editing app under fire for makeup removal feature,0,1
2382,college freshman from florida has never seen people complain about snow for months before,1,0
2393,rock song takes pro rock stance,1,0
2410,auction won by crab with stuck in claw,1,0
2417,huffpost hill president eats burrito instead of revealing benghazi truths,0,1
2420,woman survives plunge from parking garage in bmw,0,1
2423,arby is ceo arrested with trunk full of stolen horsey sauce,1,0
2452,beyonce is out there making corset pants happen,0,1
2457,nation is creepy middle school gym teachers also come out in favor of circumcision,1,0
2472,house democrats on record breaking fundraising pace,0,1
2478,a megadrought looms and we can not just wait for more rain to stop it,0,1
2481,lester jackson gets his sorry ass home,1,0
2482,theory of intelligent school board design disproven,1,0
2490,oklahoma leaders claim teachers strike betrays values of nation is founding by abraham lincoln and orville redenbacher,1,0
2491,breakup does not seem to have changed relationship,1,0
2494,trump takes moment to thank all the fear in audience for making this night possible,1,0
2496,kushner does not want to give up his security clearance as john kelly cracks down report,0,1
2497,colleges pressured by feds to avoid asking about criminal records on applications,0,1
2508,this man just starred in his first porn,0,1
2520,treasure hunters discover wreck of carnival cruise ship,1,0
2521,carly fiorina shares heartbreaking story about father of who could not meet sales goals,1,0
2523,national park service studies historic lgbtq sites for possible recognition,0,1
2529,midwesterners descend on insurance company is free nail files,1,0
2530,vietnam from hell to heaven on earth,0,1
2532,mugger can not believe crap victim has on player,1,0
2536,real life twister kills,1,0
2539,restaurant teaches former inmates to cook helps them get back on their feet,0,1
2550,younger siblings are good for older siblings health,0,1
2555,mlb announces new domestic violence policy,0,1
2558,squirrel who lost paws in trap gets prosthetic wheels,0,1
2563,bill clinton sorry for the drug war,0,1
2565,new school shooter drill includes practicing pleas to lawmakers to do something about this,1,0
2573,kimmy schmidt star tituss burgess follows up peeno noir with ode to multicultural penis,0,1
2577,breaking we are doing a bad job,1,0
2586,scott bakula jumps into mccain is body just before election,1,0
2599,expansive obama state of the union speech to touch on patent law entomology the films of robert altman,1,0
2605,sherwin williams triumphantly reports nearly half the planet covered in paint,1,0
2609,new dating site matches users with partners they deserve,1,0
2615,i fell in love carrying another man is child,0,1
2620,even prison officials want to curb solitary confinement,0,1
2621,dog just can not stop smiling ever since she found a home,0,1
2623,long shot push to force senate to confirm merrick garland fails in federal court,0,1
2624,supposed game of thrones buff has not even finished books yet,1,0
2627,cm punk talks ufc and his first opponent,0,1
2628,women is strike a sobering reality check for subway masturbator,1,0
2640,conservatives start spending to block obama supreme court nominee,0,1
2642,copy editors killed in ongoing ap style chicago manual gang violence,1,0
2645,orange workout gear that will legitimately up your gym game,0,1
2660,mcdonald is now offering bereavement prices,1,0
2662,college student wants people to eat chik fil a and ketchup off her body,0,1
2668,tanned exquisitely coiffed bernie sanders tells supporters corporations actually have a lot to offer,1,0
2670,surprise international visit makes for heartwarming first meeting between grandson and grandparents,0,1
2674,theater major has too long borne shakespeare teacher is blunt upbraidings bitter scoffs,1,0
2678,trump and china risk sparking dangerous middle east arms race,0,1
2679,leather clad nomads seize power in australia,1,0
2692,white house publishes contact information of people who wrote to it concerned about privacy,0,1
2698,does a reasonable worker lactate,0,1
2699,danny tanner was once played by a completely different guy,0,1
2703,british crew member dies during round the world yacht race,0,1
2708,bubble boy finally comfortable in his own skin,0,1
2722,hillary clinton gives emotional shoutout to daughter of slain sandy hook principal,0,1
2723,clinton campaign launches latinos for hillary,0,1
2724,john kerry jettisons russian henchmen from international space station airlock,1,0
2726,emeril bams groupie,1,0
2727,gravedigger suspended after taking photo with dead man,0,1
2736,movie studio blows whole budget on big name gaffer,1,0
2737,jimmy carter to make rare address to britain is house of lords,0,1
2740,sanders says clinton is platform could determine how much he would campaign for her,0,1
2741,opium inspired ad executive composes epic tums jingle,1,0
2742,law enforcement questions why alton sterling was even black in the first place,1,0
2743,obama visits kindergarten to read class memorandum on health care,1,0
2746,man frantically returns to website that just crashed his browser,1,0
2750,disney is new frozen plane makes it harder than ever to let it go,0,1
2751,you are hired change the process to fill the gender gap so women in tech win,0,1
2758,texas governor warns it could be decades before state fully ready to talk about climate change,1,0
2759,parents fighting about who is unhappier,1,0
2761,romney dominated debate say pundits trying to figure out gop candidate is policies,1,0
2763,how to eliminate procrastination the surprising strategy one man used,0,1
2777,plane crash victims were statistically more likely to have died in a car crash,1,0
2779,damning video surfaces of trump accepting gop nomination for president,1,0
2791,woman dots her i is with cute round marks,1,0
2795,travel channel blows its bed and breakfasts of new england wad,1,0
2798,several injured after unauthorized vehicle enters nsa headquarters,0,1
2804,winn dixie from one to a thousand a journey of a hundred years,0,1
2807,cubs fans caught in time loop now that next year is in the past,0,1
2810,cory booker pumps brakes on trump impeachment talk,0,1
2812,new photo shows pluto is heart actually a vast frozen wasteland,0,1
2818,out of texas dentists advocate the death penalty,1,0
2820,vital info on iraqi chemical weapons provided by u s company that made them,1,0
2826,people are going nuts over disturbingly realistic penis lipsticks,0,1
2831,chairman of house committee on homeland security wants to review trump is refugee order,0,1
2835,mentally unbalanced man still waiting for the right trump comment to incite him,1,0
2838,governor demands to know which star on american flag is iowa is,1,0
2842,bob dylan digitally remastered,1,0
2848,parents do not remember enough colors to help with kindergartner is homework,1,0
2849,percent of india is population now under twisted wreckage,1,0
2850,please stop saying these ridiculous phrases at work,0,1
2859,blood drains from mueller is face after realizing russia investigation might go all the way to white house,1,0
2864,naacp calls for more diversity in police lineups,1,0
2874,megan fox daydreaming about megan fox naked,1,0
2875,thousands of rats tumble about uncontrollably inside snoopy balloon high above thanksgiving day parade,1,0
2882,to wax or not to wax,0,1
2889,ted cruz is wife shudders after noticing twin beds pushed together,1,0
2893,best most original idea man is ever had returns google search results,1,0
2896,bunch of numbers from where daddy works means no trip to disney world,1,0
2897,nate silver defends torture methods used to make election projections,1,0
2899,a labor day cheer for economic nationalism,0,1
2903,americans urged to get saving out of way before obamacare repealed,1,0
2905,once homeless student who worked jobs to support family graduates college,0,1
2911,curvy model who is had a roller coaster relationship with her belly rolls now embraces them in the punniest way,0,1
2912,there like cop cars outside,1,0
2913,microsoft signs justice dept attorney to million endorsement deal,1,0
2917,theodore roosevelt was a gay man,1,0
2930,scottish independence proudly small or proudly together,0,1
2942,teen weed users may face high risk for dependence,0,1
2947,slight inconsistency found in bible,1,0
2948,cnn anchor blames french muslims for failure to prevent attacks,0,1
2950,lawsuit accuses glass artist dale chihuly of plagiarizing work,0,1
2954,horseconnect the social network for horses bought for billion,1,0
2967,dog lets baby climb all over him continues being this little man is best friend,0,1
2973,let is all say what we are grateful for says mother who apparently believes she is in a norman fucking rockwell painting,1,0
2977,shirtless firemen save woman from year of loneliness,1,0
2979,of course hair stylist remembers gina,1,0
2986,snakes on caduceus clearly in love,1,0
2992,congress sets date for obama is last state of the union address,0,1
2994,film to be made into john grisham,1,0
2995,nyc conservationists decry destruction of rat habitats,1,0
2996,trash reading,0,1
3003,jews muslims hindus agree on chicken,1,0
3013,inside america rates the skin colors,1,0
3017,poll of voters say country better off than it was eons ago,1,0
3018,man confronts n j officer searching van apparently without permission,0,1
3028,christ to wed longtime backup singer,1,0
3029,miserable situations parents know all too well,0,1
3032,dietary supplements send thousands to the er each year,0,1
3045,you better give our dad a good trade deal or you will be sorry shout angry trump boys on phone with employee of local chinese restaurant,1,0
3048,adult throws hissy fit,0,1
3057,milosevic dreams he is slaughtering ethnic albanians in his underwear,1,0
3062,eva longoria tans self out of visible spectrum,1,0
3072,courtroom sketch artist has clear manga influences,1,0
3075,gop candidates offered cash voucher to give up spot and participate in later election,1,0
3079,man humiliated by wi fi is poor behavior in front of guests,1,0
3082,rebel grandma sneaks out of care home to get a tattoo,0,1
3090,trump letter resigning from hundreds of companies seems like a big deal it is not,0,1
3095,a ray of hope for lesbian veteran denied burial next to wife,0,1
3108,nate silver ages years after accidentally using polling projection model on self,1,0
3112,sensitive scientists report in women do not know how beautiful they are,1,0
3113,nearly back to pre middle school confidence levels,1,0
3115,man proposes to girlfriend on romantic plane ride immediately throws up,0,1
3134,economic stimulus check burned for warmth,1,0
3137,finding a gifted translator to translate your important documents into foreign languages,0,1
3139,girl dies after drinking boiling water on dare,0,1
3141,fda recommends the blue marlin,1,0
3147,mike pence condemns female senators for wantonly sharing senate floor with male colleagues after dark,1,0
3150,who got her hair curled for spring dance the very image of old hollywood glamour,1,0
3151,oprah winfrey breaks record for most appearances on the cover of o magazine,1,0
3153,federal reserve accidentally leaks secret documents,0,1
3157,colbert is stunned speechless by trump is terrible birthday present for melania,0,1
3165,university with applicants to choose from somehow goes with caitlin,1,0
3178,obama returns from india with these gross candies for everyone,1,0
3179,hemmed in seattle mayor calls for emergency deforestation,1,0
3182,obama up early cooking breakfast in one of michelle is extra long t shirts,1,0
3185,townsperson in online rpg universe figures shield gold pieces should be safe in barrel,1,0
3188,bid on your airline seat the next time you fly,0,1
3189,creepy one word text message from mom could mean anything,1,0
3201,tic tac toe grandmaster devises brilliant new gambit,1,0
3203,secret deodorant debuts groundbreaking transgender ad,0,1
3212,jeb bush inching podium closer to center of stage during commercial breaks,1,0
3225,new film only stars one eddie murphy,1,0
3227,conjoined twins separated at birth reunited in freak accident,1,0
3232,mike ditka has not been paying attention to history,0,1
3235,weird al honors parents memory with notears in heaven parody,1,0
3236,havery angry badger seizes part of scottish castle,0,1
3251,million without electricity in india after restoration of power grid,1,0
3253,horrible facebook algorithm accident results in exposure to new ideas,1,0
3256,hbo film reveals liberace was good friends with gay men,1,0
3259,that is what host of ishowtime at the apollo talking about,1,0
3263,drake is dad just released a music video and damn it is smooth,0,1
3268,lawmaker running for jeff sessions old seat is obsessed with war on whites,0,1
3276,accused father and son urinal thieves flushed out by cops,0,1
3289,kalamazoo shooting suspect switched cars amid rampage,0,1
3291,media outlets pledge evenhanded criticism of trump clinton over next years,1,0
3296,romney comes clean admits he made trillion in,1,0
3298,usda rolls out new school brunch program for wealthier school districts,1,0
3305,fact repeated as urban legend,1,0
3307,health officials confirm second case of plague from yosemite,0,1
3314,microsoft debuts surface book its first laptop plus other new gizmos,0,1
3320,afghan boy who made a lionel messi jersey from a plastic bag finally meets his hero,0,1
3325,trump we will fight in afghanistan until victorious or i change my mind get distracted look bad or get bored,1,0
3327,bear is plan to break into man is home foiled by cat door,0,1
3344,unprecedented opportunities online learning explosion empowers gendiy,0,1
3345,efforts of world is billion chickens still not adding up to much,1,0
3346,lawrence the connection guy hit of white collar comedy tour,1,0
3347,you are not your job obama reminds himself throughout shower,1,0
3353,visionary sports columnist asserts that muhammad ali is greatest fight was not in the ring,1,0
3355,jimmy stewart please god i want to live again,1,0
3363,south african court more than doubles oscar pistorius sentence,0,1
3364,notes on a midwestern childhood as ferguson waits,0,1
3367,mexico says drug boss guzman narrowly evades capture,0,1
3377,alex rodriguez pulls out of world baseball classic because everyone else is doing it,1,0
3380,brooklyn queer performance showcase ritual celebrates two year anniversary,0,1
3400,miss america called before u n council for not promoting enough world peace,1,0
3410,mark zuckerberg apologizes to congress for not realizing scope of his genius,1,0
3416,name of gay bar should have been clearer,1,0
3424,containing steph curry impossible,0,1
3425,seth meyers calls out al franken for horrifying groping photo,0,1
3429,stop talking about iscreen time start thinking about screen use,0,1
3430,breaking no way egypt coming out of this with a functional democracy,1,0
3444,new documents show pompeo failed to disclose additional business ties to china,0,1
3451,asu gsv report teachers and tech tools,0,1
3454,man can not believe obama would use tragedy to push anti tragedy agenda,1,0
3458,jackie chan is ancestors shamed by blooper reel,1,0
3464,missing u s marine vet canadian girlfriend found strangled in belize reports,0,1
3471,amazing photos ufos spotted above loch ness,0,1
3472,radicals extremists vie for control of iran,1,0
3477,chipotle ceo predicts the demise of irrelevant fast food chains,0,1
3479,drone places fresh kill on steps of white house,1,0
3486,cat shreds on a sled,0,1
3496,former president carter sole attendee at solar power summit,1,0
3515,upper middle class woman worries there is better coffee she does not know about,1,0
3519,local woman has story about how she got these shoes,1,0
3521,portugal finally gets it together,1,0
3523,hhs secretary tom price says nobody will be worse off financially under obamacare repeal,0,1
3525,southwest airlines flight diverted due to cracked window,0,1
3528,trump is statement on canceled london visit is full of falsehoods,0,1
3529,women may be more anxious than men at work because they have more to lose,0,1
3530,first time carjacker was not expecting a stick shift,1,0
3532,cambridge analytica offers off all facebook user data for blowout closing sale,1,0
3533,huffpost hill rand paul tongue guy now a thing,0,1
3536,white on white violence claims life of accounts receivable supervisor,1,0
3539,u s figure skating team makes history with record number of asian americans,0,1
3546,firefighter loses home to fire days after he receives racist threat,0,1
3550,tape dispensed,1,0
3551,nude model suspects she is posing for civics class,1,0
3566,two folks wield lightsabers against fireworks from the dark side,0,1
3567,white house slam dunk contest results in no slam dunks,1,0
3587,former chinese dissident has your order ready,1,0
3591,offshorers demand no taxes no risk,0,1
3597,catholic church rules perjury not a mortal sin,1,0
3604,affable anti semite thinks the jews are doing super job with the media,1,0
3620,harambe is grandmother euthanized at miami zoo,0,1
3626,academy president says it is up to the film studios to encourage diversity in hollywood,0,1
3627,michelle obama to dnc after this election you dipshits are on your own,1,0
3638,desperate gop spotted in south dakota trying to build keystone pipeline themselves,1,0
3653,immigrant mother receives pardon for minor driving conviction but still could be deported,0,1
3654,leftist friends gather as castro funeral cortege reaches final destination,0,1
3656,mike pompeo defects to north korea after learning about kim jong un is torture program,1,0
3657,protest again delays hawaii giant telescope construction,0,1
3660,churchgoing widows what gets them hot,1,0
3661,open minded man would be willing to look past jennifer lawrence is flaws,1,0
3670,united airlines skips senate deadline to explain passenger dragging incident,0,1
3677,panicked keynote speaker suddenly can not remember what future of innovation is,1,0
3678,senator misses simpler time when he could do abominable things in peace,1,0
3682,robbie krieger goes minutes without mentioning jim morrison,1,0
3687,heroin deaths are surging but deadliest drugs still come in pill bottles,0,1
3695,cory booker kamala harris elizabeth warren assure dreamers they will never stop fighting for the nomination,1,0
3696,kidnapping suspect says vaccine is side effects led him to crime,0,1
3700,frito lay targets blacks with new menthol doritos,1,0
3701,hillary clinton taps pusha t for voter registration drive,0,1
3706,mila kunis sold unlicensed boyband t shirts on the side while filming nothat show,0,1
3709,u s cities are not ready to fend off the next flint,0,1
3711,open floor plan increases office shooter is productivity by,1,0
3724,area mom was waiting in the car for minutes,1,0
3725,kelly clarkson felt isuppressed says top country star is career changed when he came out,0,1
3726,delta air lines resumes flights after computer systems suffer power outage,0,1
3731,genius woman uses yelp to rate her dates,0,1
3739,wedding beautiful,1,0
3746,everyone glad someone else making small talk with disabled woman,1,0
3749,trump honors sacrifices civil rights activists will have to make under his presidency,1,0
3750,man shows up with gun at alton sterling memorial,0,1
3753,havery special constitutional amendment to take on alcoholism,1,0
3760,sweden blood bank texts donors to notify them whenever their blood helps save a life,0,1
3763,the so called uptick in hate is fundamentally american,0,1
3767,pence passing time during trump is speech by mentally baptizing senators,1,0
3780,parents of adorable baby on tv show most likely insane,1,0
3792,naturist retreat ends in boner,1,0
3795,picasso is guernica triples in value after being autographed by the new york rangers,1,0
3797,independent bookstore puts the dave eggers right where the fuckers can find them,1,0
3800,personals ad takes hardline anti fatties stance,1,0
3806,gun lobby politicians like bob goodlatte enable social media killers,0,1
3809,u s fears russia ramping up support for assad,0,1
3814,lindsay lohan is rehab stint off to great start and she is gone,1,0
3818,glowing ahmadinejad i am the nuclear weapon we have been building,1,0
3819,welterweight boxer dies after sustaining serious injuries in bout,0,1
3825,new co op airline offers cheaper fares if you help fly the plane,1,0
3830,what grieving widow needs is a day at the spa,1,0
3858,study finds american diets are poor but improving,0,1
3875,new istar trek tv series in the works for,0,1
3880,dan harmon finally reveals reason behind rick and morty delays,0,1
3891,new hunger games mockingjay part posters show the cast ready for battle,0,1
3893,tom hanks vows he will not stop until he has portrayed every last american,1,0
3896,time to kick turkey out of nato,0,1
3898,world is jews celebrate christmas with ceremonial re murdering of christ,1,0
3902,employee wellness programs are not so voluntary anymore,0,1
3903,repopulation of africa begins,1,0
3906,rex tillerson travels to turkey to be honored by the oil industry,0,1
3907,nothis will be the end of trump is campaign says increasingly nervous man for seventh time this year,1,0
3914,new fathers suffer from postpartum depression too,0,1
3916,massive filament snakes across sun is surface,0,1
3920,senate wins fight to lower allowable amperage levels on detainees testicles,1,0
3922,nasa completely forgot probe was returning today,1,0
3923,dad admits killing family on facebook now my family is pain free,0,1
3924,lindsey graham booed at town hall for supporting neil gorsuch,0,1
3927,tennessee judge upholds state is lethal injection process,0,1
3932,gop promotes carly fiorina to male candidate after strong debate showing,1,0
3934,a major hunger games theory gets support from the cast,0,1
3940,romney ryan sneak into dnc while posing as caterers,1,0
3945,last officer from pearl harbor battleship uss arizona dies at,0,1
3946,ira hamas sweep bombie awards,1,0
3947,limbaugh says drug addiction a remnant of clinton administration,1,0
3951,study seeks to measure iscalia ness of donald trump is supreme court picks,0,1
3953,charles koch orders sniper to fire warning shot next to marco rubio on debate stage,1,0
3954,are we meeting the needs of our nation is rich,1,0
3955,what man thinks is recycling takes city workers hours a day to sort,1,0
3956,kasparov de rezzed,1,0
3958,man having a great time will soon have to apologize to everyone,1,0
3960,man from future can not stop living in the less far into the future,1,0
3964,rubio launches new lines of attack against christie,0,1
3968,independence and nakba intertwined and inseparable,0,1
3970,everyone uses singular nothey whether they realize it or not,0,1
3975,hippie will tell you what the real crime is,1,0
3980,shy shelter dog is reaction to getting adopted is the definition of joy on earth,0,1
3982,record breaking rainstorms pummel carolinas,0,1
3984,bananas again sweep primates choice awards,1,0
3987,ted cruz wins idaho republican primary,0,1
3988,queen of soul commands in philly,0,1
3989,the great seafood treats of late summer part ii the fish fry,0,1
3991,sarah palin defends curt schilling espn continues to screw up,0,1
3993,study those who go to college earn more degrees over lifetime than those who do not,1,0
4000,military service members prefer presidential candidates who question war,0,1
4004,congrats you have been auto enrolled now what,0,1
4006,michael jackson deposed as king of pop in hitless coup,1,0
4008,magazine article about mindy kaling fails to mention she is a woman,1,0
4014,america a fascist police state stoned underage drunk driver charges,1,0
4015,former google engineer james damore takes refuge among the alt right,0,1
4016,mountaintop retreat with maharishi leaves greenspan obsessed with rupee,1,0
4019,jake tapper has one word response to creepy kellyanne conway isnl sketch,0,1
4020,gun dealer likely thwarted mass shooting by refusing sale sheriff,0,1
4025,ergonomic advisors call for million in federal lumbar support,1,0
4026,baby fox who was supposed to die finds man who believes in her,0,1
4029,camaros to come with pubescent mustaches,1,0
4033,nato airstrike destroys key taliban day care center,1,0
4053,joan rivers remembered,0,1
4057,everything better now in oklahoma city,1,0
4062,wreckage of cargo ship lost during hurricane joaquin believed to be found,0,1
4079,grandfather seems proud of how many people polio killed,1,0
4082,congressional authorization,0,1
4094,black man in support of confederate flag triples his media appearance rates,1,0
4100,matt damon now knows you are sexually attracted to his ponytail,0,1
4102,antidepressant can not believe it is expected to fix this mess all on its own,1,0
4103,traditional campaign tactics are basically a waste of time new study concludes,0,1
4106,lake bell welcomes baby girl,0,1
4108,alex delarge forced to step down as leader of droogs amidst allegations of sexual misconduct,1,0
4109,emails u s government facilitated lng business deals before terminals got required federal permits,0,1
4114,entourage the movie who cares,0,1
4115,bernie sanders asks anyone who is serious about breaking up big banks to meet him on corner of canal and bowery at midnight,1,0
4118,epa accidentally spills millions of gallons of waste turning river orange,0,1
4138,mit physicists split the smithereen,1,0
4141,waiter seriously needs his apps,1,0
4157,north korea returns to normalcy with synchronized disco jump rope gala,1,0
4158,senate votes near unanimously for russia iran sanctions,0,1
4163,you can hold snake owner reports,1,0
4167,netanyahu begins calling for israeli return to ancient homeland of iran,1,0
4169,radical islamic extremists snowboard into u s embassy,1,0
4181,doctor says lover gave him poisoned isweet coffee,0,1
4187,second life makes dream of owning fictitious coffee shop come true,1,0
4189,ganymede totalled in three moon pileup,1,0
4193,father is day tribute to a family man,0,1
4198,essential rules for a long lasting marriage,0,1
4205,michelle wolf speaks out on white house correspondents dinner controversy,0,1
4207,prison escapee appears in court,0,1
4210,scott pruitt tosses another pvc tube on campfire,1,0
4216,publicists dead injured in struggle to transform the rock into dwayne johnson,1,0
4219,boy surprises marine dad during firefight in afghanistan,1,0
4224,moments leading up to romney is concession most likely hilarious,1,0
4225,women is prison riot feels gratuitous,1,0
4226,cuban migrants adrift at sea drank own blood and urine to stay alive,0,1
4227,three escaping legislators shot from senate guard tower,1,0
4231,everest avalanche victim is loved ones launch campaign dedicated to living life as an adventure,0,1
4234,strip poker ends solemnly with scar explanation,1,0
4239,brian williams retreats to mountainside hut to meditate on fickle nature of truth,1,0
4240,here is what happens when a spouse who identified as straight comes out as lgbt,0,1
4242,new hampshire episode not just for old white people,0,1
4278,greece orders banks to re open monday,0,1
4308,india holds stampede for charity,1,0
4312,bank of america touts going green but funnels billions into fossil fuels,0,1
4313,romney we should never apologize for american values or japanese internment camps,1,0
4318,mississippi bans soft drinks smaller than ounces,1,0
4321,has earned more than he would have without college education,1,0
4324,kanye west i would have ridden away from a slave plantation on a motorcycle first chance i got,1,0
4334,world is most advanced yo yo does not need you,1,0
4336,experts point to long glorious history of successful u s bombing campaigns,1,0
4339,congress abandons wikiconstitution,1,0
4350,biggest loser in high school adjusting to being ordinary loser in college,1,0
4356,warm approach of potential new friendship just street canvasser again,1,0
4357,convict sentenced to generating to in profits for private prison,1,0
4359,full time mom drunk on the job,1,0
4364,got season finale hints at appearance of that one big character,0,1
4365,exasperated james holmes requests media stop calling him alleged colorado shooter,1,0
4366,restaurant bartender leaves a single beer out to remember fallen soldier,0,1
4371,aliens arrive late isorry hope nobody is killed themselves yet say aliens,1,0
4375,director scott schwartz takes on disney is hunchback,0,1
4385,colorado death penalty in focus as massacre trial enters new phase,0,1
4392,michelle obama shutters let is move program after failed run,1,0
4395,scout returns with news of quicker checkout line to the east,1,0
4397,decades of hosts return for gma anniversary,0,1
4398,back to dock voted most popular destination among current rowboat passengers,1,0
4404,local dad gets this show on the road,1,0
4408,the artisanal school supplies list,0,1
4413,marvel handbook casually reveals peter parker uncircumcised,1,0
4420,facebook we will make our product worse you will be upset and then you will live with it,1,0
4427,smiling willie nelson reflects on a lifetime of weed and women,1,0
4429,successful u s airstrike kills iraqis who may as well have been terrorists,1,0
4441,sexual assault report drops from white house site remains on obama archive update,0,1
4442,olympics to be held in century,1,0
4459,outline of inhaler clearly visible in comic con attendee is lycra bodysuit,1,0
4463,epa did not know anybody was still drinking water,1,0
4465,after careful consideration bush recommends oil drilling,1,0
4467,brendan fraser to star in new pre movie trivia question,1,0
4468,content could be hotter more social,1,0
4472,fbi might withhold secret method of unlocking iphone from apple,0,1
4473,u s trained syria rebels hand over equipment to al qaeda affiliate,0,1
4475,enormous grace slick threatens california coastline,1,0
4477,katie ledecky u s swimming sensation accidentally breaks world record,0,1
4483,politicians ignoring the dangers of jowl implants,1,0
4494,hillary clinton speech interrupted by black student activists,0,1
4499,joseph gordon levitt performs rhythm nation almost better than janet jackson herself,0,1
4513,that knife guy from high school arrested in knife related incident,1,0
4519,style legend iris apfel just got her very own barbie,0,1
4528,now that is what i call shitty music tops album charts,1,0
4534,aerosol can surprisingly upfront about giving you cancer,1,0
4539,law schools now require applicants to honestly state whether they want to go to law school,1,0
4544,bradley cooper looks unrecognizable for new role,0,1
4548,exhausted defeated voters finally beginning to relate to hillary clinton,1,0
4555,anderson cooper decides to keep recent gay conversion therapy private,1,0
4557,jian ghomeshi announces new podcast gets rightfully dragged,0,1
4558,spanish government threatens to impose direct rule in catalonia,0,1
4562,journalists attend private koch brothers gathering but agree not to name donors,0,1
4566,another comedian ruined by parenthood,1,0
4568,michael moore uses reality shows to explain how bad america is at voting,0,1
4571,kim jong un calls north korea sub missile launch greatest success,0,1
4578,michael jackson hires magical anthropomorphic giraffe as defense lawyer,1,0
4583,stunned in ot loss to chargers,0,1
4585,wall street journal seeks isubstantial newsroom buyouts,0,1
4587,drought ravaged nyc institutes alternate side of street firefighting,1,0
4593,why a local news station is decision to live stream a potential suicide is dangerous,0,1
4596,nobody was more delighted by the mtv movie tv awards opening than hugh jackman,0,1
4597,learning the meaning of family through intense homophobia,0,1
4599,north korean prisoners temporarily put into american detention camp to help ease shock of return,1,0
4619,right to own handheld device that shoots deadly metal pellets at high speed worth all of this,1,0
4620,russia today anchor admits spreading lies for putin,0,1
4622,trump suffering horrible indigestion after eating fresh well prepared state dinner meal,1,0
4623,quaaludes are back reports quaalude taking journalist,1,0
4647,naked dripping wet tom brady thrilled by judge is decision to overturn suspension imagines judge,1,0
4658,knowshon moreno asks broncos if there is anything else to drink besides gatorade,1,0
4668,nothese kids should be in school instead of protesting say people so tantalizingly close to getting the point,1,0
4669,romney celebrates florida win with all night miami beach rave,1,0
4677,experts reject trump is claim that obama founded isis,0,1
4684,atlanta motel standoff ends with suspect stabbing himself,0,1
4685,supreme court legalizes gay marriage after landmark decision,1,0
4688,cuomo makes surprise afghanistan trip,0,1
4689,rnc chair says they lose acting normal so why not give trump a shot,0,1
4693,midlife obesity may speed up alzheimer is,0,1
4695,trump campaign training poll watchers to spot any suspicious skin colors on election day,1,0
4700,dna swab nabs suspect in vanessa marcotte is killing,0,1
4711,siri calls for teen pinned under fallen truck,0,1
4714,nabisco baffled after trump administration gives it million contract to rebuild puerto rico is roads,1,0
4727,oakland teacher mistakenly teaches economics,1,0
4739,officials struggling to condense trump is intelligence briefing down to one word,1,0
4748,biden forges president is signature on executive order to make december dokken history month,1,0
4750,elizabeth banks posts aca amazing pitch perfect cast photo,0,1
4756,dzhokar tsarnaev finally moves off campus,1,0
4762,wouldo not cry for me,0,1
4770,nuclear bomb detonates during rehearsal for ispider man musical,1,0
4773,renowned ornithologist always secretly wanted to be a bird,1,0
4788,laffy taffy writer disdains bazooka,1,0
4792,climate is not mentioned once in trump is infrastructure plan,0,1
4795,horatio sanz sweeps latin emmys,1,0
4798,new mcdonald is sandwich offers free wi fi,1,0
4807,statement making sunglasses under,0,1
4815,everyone outraged catholic priest did that thing everyone jokes about,1,0
4817,power plan foes from mars backers from venus earth actually,0,1
4822,part written specifically with sylvia saint in mind,1,0
4824,orlando foundation releases preview art of interim pulse memorial,0,1
4826,man surprises girlfriend by drawing them in different animation styles,0,1
4830,i have four young children says kellyanne conway in most disturbing public statement to date,1,0
4833,republican mississippi senator is long political past holds clues his time may be up,0,1
4834,friend working at milwaukee history museum could probably get you in for free,1,0
4847,cool colleges you have probably never heard of,0,1
4854,new hyundai owner sort of brags about it to co workers,1,0
4858,mainstream media at it again bloggers report,1,0
4859,teens throwing rocks at overgrown long vacant supreme court seat,1,0
4863,new bomb capable of creating new terrorists in single blast,1,0
4866,mitt romney reaches out to young voters with laser tag pizza party,1,0
4876,entertainment history buffs re enact battle of the network stars,1,0
4880,universe honors david bowie with emotional starlight vigil,1,0
4895,catalan leader says region cannot accept illegal control from madrid,0,1
4901,margaret atwood nothe handmaids are supposed to be aliens,1,0
4903,rest of kickline out sick,1,0
4907,breaking mrs nichols also daniel is mom,1,0
4917,sean hannity i will be dispelling any and all factual claims about me during my show,1,0
4925,xylophonist shredding it,1,0
4930,vatican appoints new generation cardinal head of key archdiocese,0,1
4933,collaboration between carlos santana rob thomas somehow standing test of time,1,0
4936,world could face months of chinese market aftershocks,0,1
4947,officials investigating hugh hefner is death suspect foreplay,1,0
4954,steven avery has no doubts he will be a free man again after nephew is conviction overturned,0,1
4955,world hunger can new frito lay zestitos solve the problem,1,0
4970,man says he is riding across country to save his life but is he scamming america,0,1
4978,barry pepper getting by,1,0
4979,flu clinic selling version of vaccine for a few bucks cheaper,1,0
4981,get tivo friend is solution to everything,1,0
4983,scientists reveal the secret key to charisma,0,1
4984,nothis women is strike will not accomplish anything reports man who will boycott upcoming avengers movie,1,0
4987,like boxes of shit in your house get a cat,1,0
4992,site liar liar trump on fire gets creative with fact checking the republican nominee,0,1
4994,obama is supreme court nominee just bragged about sending this man to prison now he is free,0,1
5000,joe paterno is name to remain on joe paterno center for covering up sexual abuse,1,0
5011,without them you could buy anything whispers amazon echo as man stares blankly at family,1,0
5026,grand theft auto v missions to focus largely on tutoring community outreach,1,0
5031,morgan spurlock admits history of sexual misconduct including rape accusation,0,1
5034,oxfam your donation will help us protect impoverished girls from our employees,1,0
5037,new extended paternity leave offers dads more time to lose colleagues respect,1,0
5051,the most problematic punctuation mark explained,0,1
5059,rep steve king tweets latina constituent wouldo you always lie in english,0,1
5061,how a paragliding accident completely changed this man is perspective on life,0,1
5068,coming soon a new fraggle rock movie,0,1
5071,nfl player shares some good news about his daughter is cancer treatment,0,1
5073,tsarnaev death penalty a warning to any other religious fanatics hoping to be martyred,1,0
5075,high level languages for front end developers,0,1
5077,breaking thriller writer jeffery deaver at top of his game,1,0
5078,fat couple is love like a fat flower,1,0
5079,jeff bezos heart breaks a little reading albany is amazon headquarters pitch,1,0
5084,aziz ansari pissed about accepting british award in person in la,0,1
5092,daniel boulud awards scholarship to c cap alum,0,1
5102,new epa chief proposes cut in all carbon based organisms,1,0
5106,ohio state fair accident caused by excessive corrosion ride manufacturer says,0,1
5113,democratic scouts head to tampa to get closer look at mitt romney,1,0
5120,band dreams of one day becoming popular enough to alienate early fans,1,0
5124,robert mueller dreading returning from european vacation to start russia investigation,1,0
5125,proposed law would require mothers to look at pictures of congressmen she disappointing before having abortion,1,0
5126,adam levine proudly displays his baby bump alongside wife in cute instagram photo,0,1
5145,bruno mars reportedly offered halftime spot for super bowl,0,1
5149,an authentic century jerusalem burial shroud,0,1
5150,ghastly money mistakes that could come back to haunt you,0,1
5164,rachael ray snaps chicken is neck live on air,1,0
5174,christina aguilera is barely recognizable on paper magazine cover,0,1
5181,is data hoarding necessary for lawful surveillance,0,1
5184,supreme court justice benatar orders army to stop using sex as a weapon,1,0
5197,giant murals disappear with the tides because nothing lasts forever,0,1
5198,megachurch pastor abruptly retires after allegations of improper conduct go public,0,1
5205,bizarre sci fi novel posits world where natives inhabited america before europeans,1,0
5208,entire republican national convention stunned as ann romney asks for divorce,1,0
5210,nope christian bale is not playing batman in batman v superman,0,1
5211,esa lander prepares for historic mars landing,0,1
5213,god wondering how far he could throw earth,1,0
5218,larry flynt wins right to pursue missouri execution records,0,1
5222,strangulation the new blow to the head says hired killer magazine,1,0
5235,dirty disheveled scott pruitt confesses he spent last of epa funding weeks ago,1,0
5237,new epa regulations would force power plants to find more loopholes by,1,0
5241,congressional climate deniers represent percent of americans,0,1
5252,previous pulitzer winners feels so hollow knowing there are far more deserving institutions,1,0
5256,man cruises by william h macy is website to check out the latest news,1,0
5263,john oliver f king idiot trump managed to screw up disavowing nazis,0,1
5271,mass die off of dolphins directly linked to deepwater horizon spill,0,1
5276,supreme court mistakenly used belgium is constitution for last rulings,1,0
5280,actual proctor met at party,1,0
5281,portrait of nude bleeding man hung on school wall,1,0
5289,nasa issues formal apology for genocide of moon natives,1,0
5291,thinking about maybe doing something funny with his facial hair,1,0
5292,koreas make history marching under unified flag in olympics opener,0,1
5296,beyonc fans are in a panic over their already purchased coachella tickets,0,1
5298,obama hosts diplomatic talks at starbucks while oval office carpet cleaned,1,0
5302,unemployed single mother in rubio speech told candidate about her problems in confidence,1,0
5316,nyt bloomberg planning independent presidential run,0,1
5320,ruthless powerful ceo has become very thing he loves most,1,0
5324,mike boggs record catches up to him,0,1
5328,ios link glitch is ruining some iphones,0,1